2,4,1,3,Class
8.6661,-0.44699,3.6216,-2.8073,0
8.1674,-1.4621,4.5459,-2.4586,0
-2.6383,0.10645,3.866,1.9242,0
9.5228,-3.5944,3.4566,-4.0112,0
-4.4552,-0.9888,0.32924,4.5718,0
9.6718,-3.1625,4.3684,-3.9606,0
3.0129,0.56421,3.5912,0.72888,0
-6.81,-0.60216,2.0922,8.4636,0
5.7588,-0.61251,3.2032,-0.75345,0
9.1772,-0.73535,1.5356,-2.2718,0
8.7779,-0.80647,1.2247,-2.2135,0
-2.7066,0.86291,3.9899,2.3946,0
7.6625,-3.1108,1.8993,0.15394,0
10.843,-2.9362,-1.5768,2.5462,0
8.7261,-0.57242,3.404,-2.9915,0
-3.3895,1.4771,4.6765,3.4896,0
3.0646,0.58619,2.6719,0.37158,0
2.8473,0.6017,0.80355,4.3439,0
-4.8794,-2.1086,1.4479,8.3428,0
11.0272,-4.1013,5.2423,-4.353,0
7.8902,-0.48708,5.7867,-2.6196,0
-4.4552,-0.9888,0.3292,4.5718,0
10.1622,-4.0172,3.9362,-3.8235,0
8.8855,-1.6599,0.93584,-1.6831,0
9.887,-3.7483,4.4338,-4.6795,0
-5.4981,-2.8715,0.7057,8.3368,0
-3.7413,-0.63578,1.1432,5.5777,0
8.3909,-3.7405,-0.38214,2.1624,0
9.8187,-3.2258,6.5633,-4.4113,0
-3.3584,1.0905,4.8906,3.4202,0
-0.17797,0.15429,-0.24811,4.9068,0
3.6274,0.48921,1.4884,3.308,0
7.617,-0.96164,4.2969,-2.3874,0
9.4111,-4.8629,-0.96511,1.7305,0
0.80908,0.60817,-1.6162,8.1628,0
6.4417,-0.69139,2.4391,-0.80743,0
6.0195,-0.69268,2.6881,-0.46641,0
0.81322,0.77627,3.6289,1.6277,0
3.1929,0.29653,4.5679,-2.1055,0
9.7008,-3.4379,3.4805,-3.7541,0
8.722,-0.59699,4.1711,-3.0224,0
9.2207,-6.8103,-0.2062,-3.7044,0
9.2931,-1.9638,-0.0068919,-0.41243,0
5.8395,0.066365,0.96441,2.3235,0
6.9176,0.48403,2.8561,-0.79372,0
9.5663,-7.5034,-0.7869,-3.7867,0
6.6258,-2.2134,2.0843,0.48382,0
9.5663,-7.5034,-0.7869,-3.7867,0
6.065,-0.68234,3.9102,-2.4534,0
3.286,0.087054,1.6349,2.8753,0
-4.8835,-0.5776,4.3239,3.4356,0
3.9834,1.0103,5.262,-1.5572,0
5.825,-1.4944,3.1452,-0.51439,0
6.1499,-1.2371,2.549,-1.1605,0
5.496,-0.50648,4.9264,-2.4774,0
0.80287,1.1875,4.8265,1.6371,0
6.7769,0.38576,2.5635,-0.61979,0
5.0097,0.43878,5.807,-2.2384,0
-4.1096,0.98963,3.1377,4.5701,0
11.3603,-7.0495,-0.78289,-0.37644,0
0.44696,-0.24398,2.888,4.5907,0
5.527,-0.47156,0.49665,1.7785,0
11.2962,-4.3457,4.2586,-4.0943,0
-1.1174,-0.26079,1.7939,1.5454,0
3.1039,1.5651,5.4021,-1.1536,0
2.599,0.20085,2.5367,2.0938,0
-4.0765,0.31981,4.6054,2.7587,0
9.5332,-2.7746,2.4235,-3.0789,0
7.7846,-2.6608,1.0009,-0.28219,0
8.9848,-2.4332,0.12326,-0.9351,0
-2.3548,0.48274,3.9529,2.3792,0
0.49248,1.8276,4.1373,1.093,0
10.0153,-3.8582,4.7181,-3.9486,0
-3.4495,1.0879,4.1654,3.643,0
10.9072,-4.4271,4.4069,-4.5775,0
3.5364,0.41938,2.3066,0.57551,0
7.9853,-1.872,3.7935,-2.5477,0
6.1437,-0.72113,0.049175,1.7828,0
7.6439,-0.87371,0.24835,0.9885,0
3.9647,0.84351,1.1317,3.3979,0
9.0862,-1.0224,2.8033,-3.3668,0
2.2907,0.83058,4.4682,0.95766,0
8.5978,-1.281,5.0185,-2.9375,0
7.7763,-2.9634,1.8664,-0.23849,0
6.63,0.86937,3.245,-0.63435,0
2.6756,0.71679,4.0296,0.80685,0
1.9037,1.022,-1.1313,7.5339,0
6.8141,-0.17156,0.87603,0.84198,0
-2.7956,0.67412,4.1197,2.0707,0
0.81529,1.0245,3.8027,2.1041,0
7.6377,-1.0341,1.4806,-2.7876,0
3.584,0.39481,4.0632,0.72545,0
8.2068,-1.4336,4.3064,-2.7824,0
-6.3175,0.20602,2.4486,7.9632,0
1.7837,0.61334,3.2718,2.1161,0
-4.6062,-2.7099,-0.64472,8.347,0
1.076,0.89394,2.9543,0.64577,0
-6.8804,-0.081048,2.1616,8.1517,0
10.9279,-5.0284,3.82,-4.0112,0
11.4038,-5.5793,-2.7419,2.5394,0
-5.1856,-1.1427,3.3669,3.6935,0
-2.4211,1.6168,4.5597,2.6413,0
-0.49871,1.1189,5.1129,0.62863,0
-4.6145,-0.23751,3.3397,3.9823,0
0.22761,0.97282,4.2027,0.96108,0
1.2395,2.1547,3.5438,1.997,0
10.6651,-4.7672,2.3136,-3.5288,0
7.886,-1.8384,-1.8584,-1.6643,0
9.5414,-4.003,3.106,-4.2536,0
10.8306,-4.122,2.9163,-3.3437,0
-4.4676,-0.1095,3.9922,3.7304,0
5.6946,-0.026738,1.518,0.094818,0
9.647,-2.5948,3.2351,-3.2074,0
6.8162,0.76076,4.2188,-1.2804,0
6.9176,-1.5759,1.7819,-1.2744,0
2.9135,-0.12243,2.5331,-0.822,0
7.4163,0.14007,3.8969,-1.8245,0
6.7955,0.4905,2.108,-0.1708,0
0.70768,1.8663,2.8969,2.29,0
-3.7971,-0.2957,0.9297,4.6429,0
10.6878,-4.109,3.4642,-3.4071,0
10.4023,-4.7582,4.0713,-4.1722,0
9.1214,-5.1241,-1.4572,1.7425,0
1.9224,0.89136,-1.5075,7.1466,0
9.9884,-5.2263,-0.91718,1.1804,0
7.2011,0.3211,2.994,-1.2153,0
12.9516,-5.9426,-2.343,3.3285,0
-2.8846,-0.15734,3.7818,2.2558,0
1.3098,1.909,4.6689,0.055404,0
1.1112,1.3388,3.4663,1.7425,0
-4.3414,-0.29829,3.2697,3.6884,0
8.6703,-1.5086,5.1302,-2.8913,0
6.1416,0.56938,2.0139,0.37929,0
5.5395,-0.40432,0.4339,2.033,0
9.3987,-5.3336,-1.0401,0.85998,0
11.2196,-4.0819,4.1605,-3.6136,0
9.4669,-3.9202,5.438,-4.9417,0
8.2026,-1.0341,5.032,-2.6256,0
10.5388,-4.2797,5.2418,-4.1174,0
9.2207,-6.8103,-0.2062,-3.7044,0
0.94358,1.234,2.0911,4.5512,0
-0.34765,-0.99138,1.7317,4.1905,0
3.3336,0.60429,4.1736,-1.4244,0
-3.2467,0.83705,3.9232,3.4579,0
10.1539,-4.2228,3.8481,-3.8561,0
-3.2633,-0.9849,0.5195,3.0895,0
0.78425,1.7008,3.8584,1.1033,0
-0.1759,1.2922,1.7496,5.1827,0
0.9829,0.63403,3.6277,0.68861,0
7.4018,-2.5302,2.7391,0.071684,0
8.2274,-1.5875,4.5447,-2.4166,0
11.9211,-3.3241,-1.7599,2.6756,0
0.21313,1.2095,5.0691,0.20278,0
11.112,-5.0931,3.4591,-4.2039,0
8.1654,-2.2586,1.9358,-0.023425,0
-0.99533,-0.15475,2.486,5.3404,0
-4.5752,0.21507,2.4226,5.947,0
-3.7723,0.019813,3.9479,2.883,0
-4.4862,-0.61251,2.2634,3.6558,0
4.2358,0.3211,1.3566,2.1341,0
3.8964,0.86291,5.0452,-1.4304,0
8.6165,-1.2009,3.5499,-3.2794,0
7.8695,-3.7883,0.17346,0.26876,0
9.3593,-3.3526,2.4008,-3.3565,0
1.5995,1.6401,4.8851,-0.00029081,0
-3.2674,0.21766,4.1927,2.5839,0
8.6496,-1.8112,1.1166,-0.96252,0
6.901,-2.7125,1.0235,-2.0062,0
11.8818,-5.2728,-1.803,2.0458,0
6.2761,-2.4746,0.11739,-1.5495,0
-0.0248,-0.5621,0.5706,1.2421,0
-2.4583,1.0323,4.0552,2.2806,0
1.0657,0.94955,-1.6952,8.8294,0
10.7271,-5.6504,-1.1193,2.0938,0
2.4707,0.37671,1.8799,2.4931,0
-3.7971,-0.12501,3.583,3.4391,0
9.1297,-5.8224,0.19081,-3.725,0
5.6864,-0.23751,3.6582,-1.7157,0
-1.7775,0.35214,-0.13144,8.3316,0
9.798,-2.8224,2.3925,-3.0361,0
3.0149,-0.147,1.6426,0.22849,0
-1.5789,-0.028031,-0.11783,8.03,0
8.6165,-4.3289,-0.69572,1.8419,0
7.4101,-0.88406,2.9421,-0.97709,0
11.9459,-4.8978,-1.7559,3.0946,0
10.8803,-4.3237,-1.2537,1.931,0
-4.4614,-0.15087,3.2585,3.8024,0
6.3672,0.049554,1.8314,-0.036278,0
-3.6275,0.27714,4.5645,2.8684,0
-5.0325,-0.57889,2.7365,6.6608,0
-3.7971,-0.2957,0.9297,4.6429,0
10.1684,-4.6056,3.9663,-4.1131,0
-0.08485,0.59136,1.4578,4.1785,0
3.0687,0.80731,4.8272,0.68604,0
12.3784,-7.5836,-2.341,0.70403,0
7.886,-1.8384,-1.8584,-1.6643,0
7.257,-0.86078,4.1454,-1.9153,0
6.0816,-2.0116,1.9157,0.23705,0
-2.1914,1.1409,4.0215,2.4648,0
5.8747,-0.30087,5.8862,-2.8167,0
10.8265,-3.4198,-2.0897,2.3603,0
-3.5943,0.26809,4.0026,3.5573,0
9.5663,-7.5034,-0.78689,-3.7867,0
10.2615,-4.3056,4.1757,-3.8552,0
7.5404,-0.92544,0.83292,0.65005,0
2.2327,1.5534,4.8077,-0.26334,0
5.2684,-0.52716,5.3063,-2.8904,0
9.2683,-1.356,2.5605,-3.5913,0
7.6046,-1.8461,2.1059,-0.47755,0
-0.73874,-0.72371,2.1721,5.4672,0
9.1814,-4.3263,4.2899,-4.6067,0
10.1891,-4.978,3.5156,-4.2759,0
8.0081,-1.3069,2.614,-3.7258,0
2.3259,0.54998,0.68087,4.9085,0
0.74493,0.753,4.1962,0.83256,0
2.9673,1.4551,6.0919,-1.3267,0
3.2964,-0.11984,1.3234,0.2362,0
1.0326,-0.41337,1.3264,5.6566,0
7.6274,-3.6241,-0.16735,1.2061,0
10.2678,-5.8638,-1.3,-2.953,0
12.5398,-3.5258,-2.2261,2.9438,0
6.4665,0.228,2.4196,-0.75688,0
0.6394,-0.58277,1.0987,5.989,0
10.5326,-4.206,4.6464,-4.5852,0
4.1158,-0.37199,-0.36038,3.1143,0
3.2136,0.78662,1.3562,4.3465,0
-0.0248,-0.5621,0.5706,1.2421,0
10.1374,-5.4707,-2.6479,-1.331,0
-3.137,-0.37458,3.1219,1.9259,0
1.5478,1.9284,5.4944,0.041694,0
1.552,1.031,-1.3389,7.0806,0
11.9604,-5.4435,-2.3361,3.0835,0
-0.033118,-0.2776,2.2596,4.7355,0
-0.63321,0.36507,0.46901,7.3848,0
2.8701,0.5099,2.7296,0.51124,0
2.03,-0.083634,2.0466,2.1761,0
9.498,-5.2689,-1.3274,2.4408,0
-2.1521,1.1047,3.8905,2.6302,0
0.90427,1.6892,3.9994,1.1693,0
9.5083,-3.0086,2.3952,-3.1783,0
6.9321,0.23447,3.2704,-1.0456,0
1.5664,0.78403,-1.3931,7.5382,0
3.5488,-0.36424,1.6406,1.3964,0
6.8576,0.075416,2.7744,-1.0671,0
9.3821,-1.4543,2.4287,-3.2477,0
-2.806,0.67412,4.2134,2.0116,0
0.48213,1.225,1.6472,4.7449,0
-0.99326,-0.29312,2.0597,5.2119,0
0.7098,-0.4444,0.3798,0.7572,0
8.4551,-2.0815,1.0135,-1.672,0
-4.4552,0.0042961,4.5691,3.1769,0
10.1105,-4.3922,0.57461,-1.6917,0
9.1938,-1.872,0.5734,-0.9094,0
3.257,1.1668,5.2868,-1.3721,0
10.6568,-5.0646,4.0102,-4.1388,0
-3.6792,1.6297,4.1425,3.8281,0
-2.9177,0.22283,3.0934,2.2232,0
5.9947,0.84998,2.2034,0.53009,0
0.79459,1.0077,3.744,0.95851,0
2.2948,0.35084,3.0329,2.1135,0
7.2073,-0.94742,3.7731,-1.6814,0
2.8908,0.79825,3.1557,0.59693,0
7.6067,-2.4668,1.8114,-0.9788,0
7.2052,-1.1608,4.988,-3.2846,0
6.6155,-0.90863,2.483,-0.79287,0
4.7055,0.081882,1.594,1.3758,0
9.7484,-1.6134,-0.016103,0.15394,0
9.7939,-4.4582,3.8496,-4.1508,0
-3.7971,-0.2957,0.9297,4.6429,0
2.4107,1.6245,4.9342,-0.17594,0
10.0215,-4.9159,3.8417,-4.2699,0
9.9946,-3.3642,5.3915,-3.8081,0
-0.070365,1.1319,4.4072,2.0416,0
6.7976,0.44912,2.6946,-0.40301,0
0.13863,1.1435,5.2756,0.12138,0
6.2637,-0.36165,3.4312,-1.9513,0
-0.16555,0.51248,4.052,0.45383,0
-4.7759,-1.8836,1.3638,8.4182,0
7.7763,-1.9353,0.89566,-2.7473,0
7.7557,-3.0771,1.9265,-0.16823,0
-0.46146,0.90946,0.20977,7.7267,0
-2.9363,0.50084,4.068,2.1992,0
-4.0599,-0.32544,2.877,3.6259,0
-0.89808,0.69222,0.3223,8.0883,0
10.2678,-5.8638,-1.3,-2.953,0
-6.4334,-0.89828,1.7747,8.15,0
-4.4221,-1.7349,1.3419,8.09,0
10.5471,-4.0327,0.89606,-1.4175,0
2.9487,0.7155,0.44125,4.3225,0
6.2265,-1.4466,3.2422,0.12224,0
3.5136,-0.40691,2.5678,0.61406,0
11.9625,-7.7853,-2.2153,0.078538,0
6.1189,-0.19613,4.1349,-2.4294,0
-9.28E-06,-0.33967,1.934,4.816,0
1.1588,0.12585,2.5068,3.9249,0
6.0795,-2.2302,2.1464,-0.5778,0
7.0521,-3.1508,0.051979,-2.0541,0
8.035,-2.1888,1.2706,-0.19651,0
0.83391,-0.56984,1.143,5.4552,0
9.0386,-1.2991,2.2928,-3.2417,0
-4.4552,-0.9888,0.3292,4.5718,0
6.8369,0.71291,2.9719,-0.2702,0
8.7489,-1.3858,1.6849,-1.2641,0
11.6894,-3.2763,-1.9177,2.5454,0
10.4726,-3.2013,2.3729,-3.0087,0
9.767,-1.7853,1.0284,-1.3687,0
9.2186,-4.8448,0.27451,-3.2863,0
-4.7863,-2.1203,1.6032,8.5193,0
10.1788,-4.4245,4.616,-4.2185,0
7.6956,-1.0767,4.2478,-2.7696,0
-2.7004,0.36636,4.0215,2.4957,0
-4.9704,-0.23751,5.0297,3.5025,0
2.2948,0.18404,1.5902,3.2403,0
5.1939,-1.1763,2.1274,-1.7971,0
8.3847,-0.90345,1.1811,-2.0567,0
-4.4552,-0.9888,0.3292,4.5718,0
5.2808,0.075416,5.7353,-2.2598,0
5.6574,-1.4892,2.6718,0.72974,0
-4.7076,-1.5487,1.5799,7.9186,0
2.2493,-0.037083,2.9499,1.3458,0
-3.2633,-0.9849,0.5195,3.0895,0
9.5911,-3.3487,3.7352,-3.9032,0
2.0175,0.93532,-1.7344,7.7618,0
10.0277,-4.0819,3.884,-3.9298,0
1.2829,1.7991,3.5257,1.9276,0
2.4976,0.96894,4.4549,1.0313,0
-6.4624,-1.5216,-0.16108,8.3573,0
9.4607,-5.2366,4.2164,-4.9288,0
6.8224,-0.46898,3.5152,-0.67377,0
2.9094,0.11033,1.6988,2.9044,0
2.4542,-0.17027,1.0607,2.5188,0
1.2436,0.90429,2.0421,4.2171,0
1.3078,1.6556,3.5594,1.291,0
5.8126,-0.66553,3.0009,-2.2306,0
1.4112,0.89782,3.9294,1.8076,0
-4.0724,1.5418,3.4667,4.2882,0
3.9213,0.33662,3.966,0.70574,0
2.33,0.82929,1.0191,4.9334,0
5.616,-0.12501,0.96414,2.2138,0
6.7562,0.39481,1.8205,0.0099913,0
7.8653,-0.71984,4.9923,-2.3515,0
11.5093,-6.8194,-1.1804,0.15565,0
0.23175,1.1823,4.0329,0.89082,0
10.3878,-3.9151,0.66018,-1.4029,0
7.1307,0.21248,3.5982,-1.3035,0
7.886,-1.8384,-1.8584,-1.6643,0
0.46972,0.91593,4.0972,1.6671,0
0.91254,0.39352,3.3299,1.5806,0
3.1122,0.4336,3.1088,0.80857,0
8.5234,-0.91639,-4.2859,3.1392,0
10.2036,-5.6038,-1.2528,2.1787,0
-3.2633,-0.9849,0.5195,3.0895,0
-4.4552,-0.9888,0.3292,4.5718,0
5.3449,-0.19355,0.88872,2.045,0
9.3718,-3.9564,3.5458,-4.0351,0
8.0329,-3.8853,-0.21661,1.8848,0
9.0821,-0.96811,2.7206,-3.3111,0
8.6889,-0.7819,3.2051,-2.9033,0
10.8161,-4.2888,2.6917,-3.3,0
11.5176,-5.375,-2.3242,1.8231,0
-4.2006,0.16981,2.7161,4.1914,0
3.2674,0.25128,3.3848,0.90967,0
4.8028,0.62627,1.7452,2.0878,0
0.57732,1.2133,2.805,1.3424,0
5.5788,-0.056479,5.7823,-2.4089,0
1.734,0.96765,3.8999,1.6011,0
6.332,-0.020273,3.5189,-1.7791,0
7.7391,-2.5405,3.2294,-0.37816,0
3.1639,-0.1651,3.4985,0.22677,0
1.3781,0.85774,2.1948,1.1582,0
9.9636,-2.9944,2.2526,-3.1749,0
-3.9358,-0.017686,4.1529,2.8633,0
11.17,-4.0728,0.74307,-1.3824,0
8.871,-0.75604,1.9105,-2.3386,0
0.070346,-0.50648,-1.5055,6.8681,0
10.7727,-4.3276,0.58836,-1.3884,0
7.8384,-1.2151,3.2303,-3.5348,0
11.6542,-5.2107,-1.9922,2.6542,0
9.0096,-3.3371,2.8523,-3.761,0
2.4955,0.36119,4.2772,0.48554,0
0.039307,-0.30346,1.5099,6.2332,0
10.1457,-3.6991,5.4188,-4.084,0
2.6963,0.54739,0.86202,4.2908,0
10.1457,-4.5629,3.8117,-4.0463,0
10.3754,-4.1633,0.54777,-1.5435,0
7.4908,-1.7414,2.3718,0.015989,0
11.1472,-3.4638,-2.4953,1.9353,0
-2.6611,1.1991,4.6361,2.8358,0
11.5321,-3.2737,-2.2527,2.5899,0
10.423,-4.9728,3.7982,-4.1602,0
8.2895,-3.3332,-0.36279,-1.9213,0
6.8783,-2.2224,2.1265,0.44784,0
5.5643,-0.16769,0.86736,1.6765,0
10.0526,-3.7366,3.7831,-3.8869,0
12.1177,-7.7581,-2.2623,0.28846,0
4.4303,-1.7517,1.2616,-1.3335,0
3.1349,0.58489,2.6799,0.34073,0
5.9781,-1.1621,-0.39816,1.3912,0
0.35798,1.2004,4.3937,2.0416,0
5.6222,-1.1556,2.9695,0.27561,0
-0.15521,-0.75346,1.3049,6.4911,0
-5.8395,-0.85302,2.2123,7.7687,0
6.9383,0.66377,1.9647,0.57722,0
-2.5845,0.30947,3.0864,2.2309,0
0.7098,-0.4444,0.3798,0.7572,0
7.4266,-2.9595,0.58982,1.2353,0
7.946,-3.3409,0.14783,1.0742,0
6.1975,-1.131,-0.062025,1.099,0
1.1319,0.96118,4.223,0.72202,0
7.1018,-0.41337,0.64295,0.3493,0
0.46351,1.0879,1.941,4.6472,0
0.45937,1.6181,4.0047,1.3621,0
9.7794,-3.5323,3.7767,-3.9075,0
-0.15314,2.4495,3.4769,2.53,0
9.2621,-1.872,1.9818,-3.521,0
-3.8696,0.95343,3.8023,4.044,0
11.1079,-4.2539,4.3483,-4.0857,0
1.3864,-0.43536,1.1518,5.2727,0
1.5892,0.42455,-1.2576,7.0078,0
-5.1153,-1.4297,1.9572,8.6127,0
12.1611,-3.7418,-2.484,2.8204,0
1.2954,0.62627,-1.1497,7.701,0
10.0132,-4.3276,4.8368,-4.3239,0
8.8068,-4.2267,-0.12196,0.94566,0
6.3961,0.58102,1.9429,0.092248,0
-4.809,-2.0659,1.742,8.2142,0
10.8409,-4.0974,-1.5222,2.7827,0
10.2678,-5.8638,-1.3,-2.953,0
-0.14693,0.29136,3.4246,0.80342,0
-4.9518,-0.41596,2.5503,6.3729,0
6.3465,-2.4099,1.5691,-0.1828,0
4.9228,0.22024,1.3087,2.0013,0
8.2316,-1.5694,5.1776,-3.2511,0
9.6325,-2.7164,2.229,-3.1123,0
10.0857,-3.8142,5.6272,-4.2931,0
8.7986,-0.74182,1.2138,-2.1672,0
0.7098,-0.4444,0.3798,0.7572,0
6.0319,-0.46122,0.5415,1.6825,0
5.6802,0.026279,4.0524,-1.9693,0
2.1065,1.5625,4.7285,-0.28305,0
0.66216,1.8922,3.4359,2.1041,0
10.2429,-4.0082,0.86816,-1.4912,0
9.8022,-3.7133,3.359,-3.8209,0
2.9942,0.30688,3.6702,0.85141,0
6.1189,0.49826,1.3349,0.46497,0
-3.4143,-0.2026,3.1887,2.7742,0
2.9653,-0.056479,2.4527,0.20021,0
2.9735,0.60558,3.9121,0.92852,0
10.5885,-4.3133,3.9364,-3.725,0
-3.2902,1.0866,3.9414,3.1674,0
-3.9585,1.3517,3.6922,4.3439,0
7.795,-0.92544,5.681,-2.6848,0
9.0862,-1.4996,0.77124,-1.2281,0
9.7753,-3.4638,3.5761,-3.9795,0
6.1251,0.47886,1.602,0.52924,0
10.216,-4.0069,2.6682,-3.4414,0
1.8644,0.47369,2.0007,2.6491,0
3.1287,0.64696,0.64215,4.2933,0
-3.0729,1.2741,4.3848,3.0423,0
9.0552,-1.3884,0.77445,-2.4089,0
8.393,-1.4659,0.96574,-1.361,0
8.7324,-0.96682,3.0948,-2.9007,0
7.6046,-0.85302,4.9362,-2.3429,0
11.2217,-3.4405,-1.9458,1.9079,0
-0.44284,1.3763,5.7403,0.38015,0
12.1984,-8.5482,-2.6989,0.67661,0
3.5985,-0.43406,1.1472,1.9387,0
8.96,-1.0379,2.9742,-2.9024,0
7.2094,-1.4944,4.5707,-3.2794,0
6.5079,-0.87242,0.1848,2.0133,0
9.2931,-2.1978,0.87256,-0.7843,0
6.8866,-0.67587,0.39559,1.0588,0
6.1851,-0.033204,3.8384,-2.0439,0
7.3108,-1.8784,2.8209,-0.81857,0
9.7546,-2.9957,2.5817,-3.1749,0
0.23175,2.0564,3.8213,2.0133,0
0.7098,-0.4444,0.3798,0.7572,0
6.69,-0.38751,3.4893,-1.2042,0
0.8546,0.027572,-1.7781,7.1303,0
2.4769,-0.040962,2.0962,1.9379,0
-0.57113,-0.67587,0.94732,7.1903,0
9.4007,-1.0509,2.8261,-3.3034,0
8.3661,-3.8155,0.0071249,0.50781,0
7.1907,-2.4565,0.96788,1.2798,0
2.1086,1.6543,4.7432,0.1368,0
7.2797,-1.144,3.6575,-2.2692,0
6.4023,-0.98363,3.8832,-2.432,0
8.811,-0.92285,3.4776,-3.1886,0
7.9212,-2.8444,1.1315,1.093,0
2.8597,0.57196,2.8237,0.19678,0
6.0423,-2.053,1.9321,0.26019,0
-3.3315,0.8267,3.0632,5.1305,0
10.8306,-3.0901,-1.8411,2.769,0
11.3045,-4.4194,2.8084,-3.3394,0
-4.4076,0.078002,2.5698,5.9856,0
10.3216,-6.1185,-0.12624,-3.7121,0
-4.0951,1.0698,3.3756,4.367,0
-1.6037,0.75558,-0.048008,8.4756,0
-0.0248,-0.5621,0.5706,1.2421,0
6.5906,-0.44182,0.88444,0.55837,0
3.7061,0.35214,3.8644,0.70403,0
2.5762,-0.18967,1.2999,2.0107,0
-6.8638,-0.2401,2.0051,8.132,0
0.27727,0.33662,4.9294,0.20792,0
6.3485,-0.58665,2.8297,-0.73546,0
8.633,-1.3082,2.565,-2.9941,0
8.3061,-3.2724,2.093,0.022844,0
5.6264,0.19309,4.6014,-2.1235,0
-0.35799,0.99868,5.0617,0.44698,0
9.0489,-2.0789,-0.2951,-0.52725,0
2.4004,0.73231,3.577,1.8908,0
2.5017,0.903,3.9433,1.5215,0
10.754,-4.1685,2.6648,-3.3994,0
6.1664,-0.36553,5.9374,-2.5905,0
1.8479,0.42843,2.0153,3.1375,0
5.9409,-0.60863,5.8782,-2.8544,0
12.606,-5.7888,-2.3983,2.9464,0
4.3682,0.75429,1.762,2.1384,0
-2.4852,0.7155,4.2406,1.608,0
6.87,-0.73147,3.4669,-1.0568,0
5.7526,-0.30087,3.1896,-0.18537,0
9.1566,-4.1814,0.81356,-2.1492,0
0.96427,-1.0483,0.52855,4.0243,0
-2.0403,-0.061652,2.1319,2.5574,0
4.5731,-0.18967,0.33111,2.057,0
8.8172,-1.7957,1.2746,-1.5323,0
7.4556,-3.3021,2.2091,-1.3284,0
7.528,-2.6478,2.5328,-0.41929,0
1.4609,1.9284,3.6244,1.3501,0
12.5026,-7.5487,-1.3885,0.69118,0
5.8312,-0.24527,5.7227,-2.4097,0
10.3567,-3.6991,3.3583,-3.7301,0
2.2369,0.79438,2.5227,2.7236,0
6.7334,-0.9332,0.045304,1.0708,0
7.7598,-1.2216,4.8278,-2.4491,0
-4.7738,-1.8668,1.9476,8.527,0
0.66216,-0.28406,2.7659,4.1494,0
-0.76771,0.64179,-0.10648,7.7575,0
-0.053811,-1.3509,0.72252,5.6703,0
1.4816,0.95343,4.2475,-0.48355,0
0.33521,2.1625,3.9772,2.2566,0
4.302,0.33791,3.6667,0.55923,0
10.8513,-3.9784,2.8232,-3.1466,0
11.6542,-7.1025,-1.4217,-0.057699,0
1.1981,0.94696,4.2458,0.66633,0
-4.8069,-0.49225,4.1038,3.3491,0
8.7903,-0.65259,1.4507,-2.2324,0
-3.9172,0.36119,3.4647,3.9746,0
6.1458,-2.0401,1.8533,1.0176,0
0.71596,1.9375,3.5288,1.9507,0
1.0367,1.0013,3.9719,0.75973,0
9.3614,-1.2461,3.534,-3.6316,0
9.887,-4.3664,3.6894,-4.0788,0
-4.4117,-0.81682,3.0672,3.8238,0
-4.8152,0.003003,2.6463,6.3549,0
3.733,-0.39786,2.2893,0.6312,0
7.9274,-2.1694,1.5673,-0.056842,0
0.51524,1.106,4.0405,1.0279,0
-4.8794,-0.029324,4.3846,3.3662,0
-0.25246,1.0763,2.0165,5.1707,0
11.1741,-4.7401,4.0446,-4.3582,0
-0.64976,0.72326,-0.33729,7.6659,0
12.7302,-7.6418,-2.4604,0.91738,0
10.9258,-4.1802,4.1195,-3.8929,0
0.82356,1.4202,2.0193,4.6369,0
7.9129,-2.1953,1.5701,0.29018,0
7.586,-1.6677,2.6415,-0.28562,0
8.0764,-1.7155,5.0214,-3.0515,0
3.3295,0.64955,4.3435,0.83598,0
-6.7748,-0.54139,1.8238,8.3873,0
0.9291,0.6767,3.9382,0.78543,0
-5.1422,-1.2487,2.2517,4.2916,0
10.3671,-4.0211,5.504,-4.413,0
9.171,-1.2047,2.8521,-3.6461,0
9.1566,-0.80647,1.1676,-2.0867,0
8.0081,-1.7608,2.6104,-0.23592,0
10.067,-4.1284,0.32444,-1.1982,0
-4.7904,-0.53751,3.8962,3.3954,0
-0.8091,-0.67975,2.1752,5.1022,0
8.9331,-1.1272,1.1588,-2.0807,0
8.2957,-1.4905,4.7072,-2.5605,0
11.8052,-7.8719,-1.9667,-0.40472,0
0.40143,0.65343,4.0552,1.4563,0
-6.839,-0.44829,2.3678,8.4207,0
6.8369,-0.55691,0.33565,0.69718,0
-5.3036,-0.70432,4.3398,3.8803,0
8.5482,-2.1784,1.5456,0.4187,0
8.3847,-1.9677,1.4276,-2.0995,0
8.1881,-2.5276,-0.27802,-3.1338,0
8.6413,-1.3043,0.93611,-1.6351,0
-3.0087,1.212,4.6352,2.6773,0
-5.5871,-1.722,1.5268,8.6564,0
2.4728,0.21636,0.95626,4.4578,0
1.7734,-0.39915,-2.7914,6.7756,0
3.5116,1.0129,5.2032,-1.2538,0
7.2321,-2.5909,3.1836,-1.0713,0
5.1815,-0.42113,0.65497,1.0673,0
10.3009,-4.3534,5.6084,-4.8003,0
7.4432,-3.0332,1.105,0.41099,0
-2.9156,0.30817,3.9292,2.2129,0
6.4003,0.6961,1.1558,1.5506,0
2.6218,0.40257,2.5581,1.8513,0
10.9796,-4.4039,2.7831,-3.557,0
2.7811,0.34179,3.7635,0.66119,0
10.1374,-5.4707,-2.6479,-1.331,0
8.3682,-1.6509,1.0652,-1.4004,0
11.8797,-6.9978,-1.4275,0.41613,0
10.1808,-4.3366,5.7456,-4.7857,0
3.2798,1.1189,5.086,-1.2701,0
5.4049,-0.89958,3.4092,-2.5228,0
9.3221,-4.3793,-0.2361,2.1307,0
8.9951,-4.0327,3.8197,-4.383,0
1.8127,0.70127,-1.1391,6.9144,0
0.68906,1.2095,4.9249,0.77344,0
6.841,0.44912,2.5089,-0.029423,0
9.2207,-6.8103,-0.2062,-3.7044,0
6.8514,-0.5582,3.946,-1.5443,0
8.1881,-2.5276,-0.278,-3.1338,0
3.2074,-0.26208,1.8592,-0.15966,0
7.6294,-3.2233,0.56953,1.5754,0
-4.449,0.15429,3.4626,3.5427,0
1.1484,2.0862,3.3951,2.1401,0
-0.52974,1.106,5.0429,0.50439,0
7.1783,0.40128,3.7758,-1.5195,0
7.6398,-1.2384,4.6562,-2.4243,0
-2.9674,0.75429,4.0948,2.3689,0
6.063,0.51248,1.8384,0.54723,0
0.43661,-0.3151,2.0153,4.5864,0
0.7201,0.64438,3.5251,1.6928,0
-5.4236,-1.2526,3.757,3.8255,0
3.5178,0.81119,2.5989,0.7623,0
0.97462,0.81377,1.8994,4.2265,0
-3.9482,1.1577,3.6941,4.2625,0
-2.3507,0.90946,4.4295,1.7048,0
5.2187,0.5461,6.8248,-2.5425,0
-2.5163,-0.79742,1.8967,2.8093,0
-6.1665,-0.34355,2.1526,8.0831,0
7.0811,0.22283,3.3004,-1.3258,0
7.05,0.41809,2.7213,-0.58808,0
-3.0336,0.20214,3.8846,2.5334,0
-0.4449,0.27843,4.1665,0.23448,0
5.8561,-0.32544,0.94225,1.8762,0
-0.031048,1.1151,5.1321,0.32616,0
6.8121,-0.61251,0.38251,1.8128,0
-2.5928,0.303,3.0333,2.3183,0
6.0464,-0.58665,2.9233,-0.11168,0
10.2926,-4.0392,1.162,-1.2821,0
2.5762,0.5655,3.7791,1.3098,0
5.9781,-0.3526,0.77765,1.1941,0
-1.0471,0.49567,-0.38388,8.0514,0
9.4359,-1.859,0.21084,-0.094543,0
-4.5938,0.57196,2.9571,5.9068,0
-3.3729,0.55257,4.6439,2.5976,0
-4.3062,0.18274,3.3577,6.0241,0
2.9073,0.40774,3.5127,1.0579,0
10.7044,-4.0767,2.6562,-3.3085,0
10.694,-2.9026,-1.3612,1.7022,0
8.1881,-2.5276,-0.278,-3.1338,0
-6.9321,-1.2991,1.04,8.2888,0
2.7356,-0.1832,2.1881,1.3278,0
-2.6528,0.94437,4.2756,2.1375,0
6.8741,-0.6694,-0.11996,0.91995,0
8.7944,-1.3754,2.9736,-3.6359,0
-3.3109,0.066365,3.7798,2.6491,0
3.7557,1.0789,5.3586,-1.7345,0
6.1292,0.55257,1.8373,0.84027,0
0.89599,-0.11596,1.2262,5.7568,0
-0.56078,0.453,-0.048008,7.7215,0
-0.024841,-0.56208,0.5706,1.2421,0
0.46351,2.0202,4.3634,1.4281,0
-4.1634,-0.078462,3.482,3.5008,0
-3.2633,-0.98492,0.51947,3.0895,0
-2.628,-0.08622,2.3164,3.1529,0
11.0334,-4.8888,-1.8348,3.1863,0
8.8793,-0.53751,1.3754,-1.9136,0
5.8974,-0.70044,-0.16682,0.49839,0
7.1328,-1.1828,0.29961,-0.31475,0
9.3262,-6.2543,0.25035,-3.6873,0
1.3926,0.41421,2.4673,1.7125,0
6.6424,-1.0573,0.77805,-1.1425,0
2.9508,0.5461,3.4465,1.0271,0
-4.1427,-0.40173,2.2429,5.2333,0
-3.884,-0.0060486,3.7321,3.3577,0
-3.584,0.74912,4.3365,3.6884,0
10.8223,-4.837,-2.0759,2.6439,0
7.6398,-1.1698,4.0715,-2.0824,0
5.8209,-0.64613,0.76163,1.1959,0
7.3273,-1.4543,-0.53966,0.46583,0
5.7919,-1.5759,2.6213,0.065686,0
-3.3378,-0.54785,3.0242,2.5865,0
5.3905,-0.061652,5.8519,-2.4037,0
-0.0248,-0.5621,0.5706,1.2421,0
11.1513,-4.3444,3.9771,-3.9272,0
9.1814,-1.7375,1.5478,-1.6326,0
0.36625,0.48403,0.74054,2.1992,0
10.2243,-4.0159,0.49571,-1.097,0
7.8612,-3.5569,1.645,-0.87598,0
6.8576,0.28231,3.6077,-1.1622,0
-3.7082,0.41291,3.2403,5.2804,0
10.2491,-4.4659,3.9166,-4.0926,0
6.0299,-0.065531,3.9262,-2.0156,0
10.4643,-4.3379,5.591,-4.3839,0
-3.6978,1.3051,3.7522,3.9943,0
4.5462,0.22541,1.3114,2.2935,0
6.9942,-0.12889,3.7022,-1.8511,0
-3.1039,0.78532,4.364,2.3757,0
1.4423,1.4008,3.5829,1.0219,0
-4.8297,-0.25174,4.65,3.4553,0
3.9606,0.40774,5.1731,-1.983,0
3.4184,-0.066824,3.2692,0.20706,0
1.6223,0.71679,2.4012,3.0312,0
-4.4697,-1.8073,1.7257,8.2219,0
6.9859,-0.35001,4.7965,-1.9967,0
10.1891,-4.1827,4.0962,-3.9323,0
3.3605,0.26809,2.5559,2.0321,0
8.5709,-0.59182,3.4916,-3.0326,0
-3.2633,-0.9849,0.5195,3.0895,0
7.2673,-2.2431,2.9856,-0.409,0
5.4132,0.23576,4.0932,-1.8219,0
-0.76978,1.3039,1.7748,5.5854,0
0.32694,1.1797,5.2012,0.17965,0
-1.3678,-0.40303,-0.45062,7.0858,0
8.1116,-1.4724,4.8451,-2.9512,0
7.2756,-0.5388,0.74841,1.1504,0
8.5565,-1.5474,5.1213,-3.3917,0
-3.7454,-0.71208,3.6181,2.8273,0
8.5234,-3.9306,0.040498,1.4461,0
10.1374,-5.4707,-2.6479,-1.331,0
0.70975,-0.44441,0.37984,0.75716,0
0.091039,-1.4828,-0.95923,6.2204,0
10.0008,-3.1095,2.8672,-3.2049,0
9.109,-1.7129,1.0182,-0.62064,0
11.4535,-3.9629,-2.7143,2.1092,0
-3.1081,0.52024,3.8244,2.4537,0
2.121,0.38317,2.7961,1.8385,0
6.7086,0.47886,3.5358,-0.81857,0
8.7241,-4.5965,-0.7056,2.2215,0
7.2756,-1.2099,4.1542,-2.4766,0
9.4318,-1.6728,0.92703,-0.66263,0
-6.4748,-0.41855,1.8216,8.0514,0
12.6247,-7.6612,-2.4473,0.73573,0
-3.0957,0.24481,3.5862,2.8093,0
9.6594,-1.6638,0.66191,-0.28819,0
1.7071,1.4926,4.7926,-0.051701,0
8.3516,-1.2823,4.9852,-2.5425,0
3.0294,-0.068117,0.75736,2.9164,0
7.6336,-0.37458,4.6499,-1.9427,0
7.1742,-0.75734,-0.023579,0.78457,0
0.0082678,-0.53104,0.85574,6.6042,0
0.66009,-0.43277,0.88298,6.0096,0
-4.391,1.137,4.0422,4.7466,0
8.0992,-3.2698,2.2546,-0.24877,0
6.5989,-0.56466,0.38478,-0.3336,0
-5.1711,0.57455,3.1541,6.5991,0
0.23589,1.437,2.3969,4.8477,0
2.0755,1.2379,4.7114,-0.2702,0
10.1477,-4.0728,4.0127,-3.9366,0
3.1681,0.18662,2.6606,1.9619,0
1.8541,1.2314,3.931,-0.023425,0
8.693,-3.9668,0.01727,1.3989,0
0.40971,1.1952,3.2414,1.4015,0
3.5757,0.2836,2.2504,0.35273,0
3.3191,-1.9948,-1.3971,-1.3927,1
-0.14279,0.35084,0.39012,-0.031994,1
-7.1535,0.96765,-1.6677,7.8929,1
-12.8047,-1.281,-3.8483,15.6824,1
-8.213,0.96765,-3.5681,10.083,1
-0.30626,1.3763,-2.2804,1.3347,1
2.7397,-2.234,-1.7582,-2.5323,1
3.1991,-2.9452,-0.89409,-1.8219,1
0.12415,0.14654,0.3434,-0.28733,1
-6.661,0.5461,-0.9854,5.8245,1
-9.1359,-0.65259,-2.4115,9.3444,1
-6.2534,0.59912,-1.5252,5.3524,1
-0.091058,0.50214,-0.61442,-0.31818,1
2.8928,-3.0603,-0.36506,-3.6461,1
6.5679,-6.6797,-5.9034,0.67661,1
2.7521,-2.353,-1.8215,-0.72261,1
-1.8768,1.1319,-0.77461,2.4023,1
-9.0366,-0.12243,-1.8187,9.0162,1
-12.9309,-2.5677,-3.5801,13.1779,1
-6.8824,0.057313,-1.8219,5.4681,1
-0.38696,0.62627,-0.3481,-0.47841,1
3.3605,-4.0431,0.47368,-4.5064,1
4.8587,-4.8668,-3.4083,-0.76888,1
-0.30005,0.024986,-1.6662,1.4238,1
-7.1059,-0.33708,-2.0962,6.6188,1
-10.4519,-1.7323,-2.6685,9.1139,1
-4.3496,0.7517,-0.47465,1.9901,1
1.1857,0.11033,1.0552,-2.6411,1
3.8095,-4.0909,1.1644,-4.9408,1
7.3708,-6.7754,-4.4779,-0.31218,1
0.45523,0.21766,-2.7338,2.4391,1
-5.4484,0.88231,-2.286,5.8039,1
-6.3444,0.16981,-1.6244,4.6575,1
0.47799,0.57714,0.50813,-1.9804,1
4.2503,-2.6621,1.6408,-4.9023,1
4.84,-6.0823,0.81583,-5.2613,1
9.1048,-5.9763,-5.4901,-0.38758,1
2.7935,-0.86078,-3.2238,0.32274,1
-1.5147,0.44524,-2.0631,1.219,1
-2.0113,0.066365,-0.91318,-0.19565,1
1.9327,-0.32415,0.6005,-3.2888,1
3.3377,-1.6741,0.91315,-4.0557,1
3.0729,-2.9155,-0.28015,-3.3857,1
3.3253,-3.5737,-3.6085,-0.51954,1
8.6806,-3.703,-6.2003,0.0091344,1
3.3419,-0.99785,-4.2932,0.77258,1
-0.062088,-0.055186,-3.0265,0.68604,1
-0.010356,-0.53104,-1.7015,-0.99337,1
2.4748,-1.0276,-0.64326,-2.9452,1
1.9348,-1.0897,-0.86339,-2.3729,1
1.0512,-1.0974,-2.0659,-0.46298,1
1.5685,-1.7453,-2.1333,-0.084261,1
-1.4733,0.44653,-1.2568,2.8718,1
-6.841,-1.0172,-3.1128,10.7402,1
-5.9037,-0.82199,-4.8554,10.9818,1
3.8654,-1.2797,-2.588,-0.3336,1
1.4733,-0.58535,0.24394,-1.4192,1
-5.0966,0.17498,-1.5322,6.6779,1
-13.4979,-3.3202,-4.0025,17.6772,1
-8.3123,-1.4375,-4.0173,12.4547,1
-0.53181,0.77627,-3.0731,2.3877,1
3.2301,-2.5819,-1.979,-1.3575,1
-0.14693,-0.15605,-0.4294,0.044265,1
-7.0314,0.61334,-2.234,7.4936,1
-12.4736,-1.3884,-4.211,14.9704,1
-8.0971,0.65084,-3.8073,10.1772,1
-0.10554,1.0414,-2.5912,1.2798,1
3.0915,-2.6711,-2.2482,-2.3969,1
3.2922,-3.4392,-1.4427,-1.9702,1
-0.020702,-0.44699,-0.39416,-0.066267,1
-6.6383,-0.10691,-1.522,5.7491,1
-9.0407,-0.98233,-2.8267,9.0694,1
-6.0237,0.29524,-1.7263,5.2419,1
0.039307,0.31593,-0.94255,-0.24192,1
3.0025,-3.4457,-0.89569,-3.6067,1
6.6651,-7.0107,-6.2815,0.52581,1
3.166,-2.7151,-2.3211,-1.0002,1
-2.0776,0.60688,-1.3414,2.8093,1
-9.3263,-0.85949,-2.258,9.3727,1
-12.8461,-3.1353,-3.8858,12.7957,1
-6.7893,-0.32544,-1.8969,5.2761,1
-0.24832,0.41938,-0.52645,-0.45613,1
3.5612,-4.4103,0.0096613,-4.407,1
4.898,-5.0801,-3.8826,-0.92311,1
-0.16762,-0.20906,-2.1405,1.321,1
-7.3046,-0.59053,-2.4824,6.839,1
-10.0712,-1.9948,-2.9098,8.4156,1
-4.002,0.6017,-0.60975,1.8471,1
1.1071,-0.062945,0.83625,-2.4706,1
3.9544,-4.4853,0.60731,-4.772,1
7.0542,-6.959,-4.8861,-0.17252,1
0.42212,-0.064238,-3.1366,2.6225,1
-5.6574,0.65214,-2.5754,6.103,1
-6.5865,-0.021566,-1.8782,4.8486,1
0.57318,0.44007,0.24261,-1.9402,1
4.2855,-2.9013,1.296,-4.8457,1
5.0097,-6.3862,0.25943,-5.0394,1
9.1752,-6.0422,-5.873,-0.27448,1
2.6901,-1.0224,-3.4605,0.16165,1
-1.4402,0.16076,-2.3797,1.1273,1
-1.7175,-0.21036,-1.2424,-0.52553,1
1.9182,-0.61768,0.20216,-3.2828,1
3.5012,-1.7841,0.59823,-3.9795,1
3.2322,-3.1004,-0.77995,-3.282,1
3.4619,-3.8879,-4.1409,-0.47841,1
8.7696,-3.937,-6.5084,0.23191,1
3.4288,-1.1672,-4.4996,0.56265,1
0.10139,-0.2957,-3.3125,0.55323,1
0.3766,-0.82458,-1.9423,-1.2898,1
2.5349,-1.2629,-0.75793,-3.0464,1
1.9824,-1.1957,-0.95403,-2.3163,1
1.4671,-1.1724,-2.2173,-0.72689,1
1.9679,-2.1125,-2.799,-0.42357,1
-0.84841,0.097399,-1.8629,2.5377,1
-6.2285,-1.1543,-3.5916,10.2389,1
-5.3118,-1.0612,-5.1216,10.3846,1
4.0372,-1.8228,-3.2854,-0.45356,1
1.4174,-1.1246,-0.56877,-1.4252,1
-4.8359,-0.060358,-2.3518,6.6479,1
-13.2889,-3.2194,-4.4861,17.3087,1
-7.7267,-1.4543,-4.3876,11.9655,1
-0.32696,0.6017,-3.3604,2.1324,1
2.9984,-1.6185,-1.0112,-1.1664,1
-1.0512,0.77369,0.030219,1.4024,1
-8.4985,1.2379,-1.6514,9.1122,1
-12.7406,-0.14182,-3.2692,15.5573,1
-6.8452,2.1353,-2.5701,8.9999,1
0.25244,1.7758,-1.3066,0.7623,1
3.2881,-2.2224,-1.6637,-2.2701,1
2.8659,-2.4319,-0.55008,-1.6488,1
-0.69529,0.29653,0.21431,0.87711,1
-7.4473,0.36119,-0.77288,6.492,1
-9.0883,-0.10432,-1.8391,9.2416,1
-5.1277,1.4797,-0.63298,4.5624,1
0.62905,0.75817,0.0040545,-0.64121,1
3.1784,-3.1896,-0.28696,-3.5767,1
6.6258,-6.8607,-5.2406,-0.19908,1
2.1438,-1.6677,-1.4446,-0.47241,1
-2.8018,0.99739,-0.65767,3.7115,1
-10.1498,-1.2332,-1.5449,9.6152,1
-12.0205,-2.7552,-2.8957,11.9149,1
-5.7381,0.3211,-0.81479,4.3919,1
0.65388,0.39998,0.50225,-1.1793,1
3.6357,-4.1414,0.74521,-4.4044,1
4.0537,-4.0327,-2.9146,-0.45699,1
-1.3781,-0.021566,-1.3907,2.3055,1
-8.1157,-1.2112,-1.786,7.0858,1
-9.2828,-1.7168,-1.7322,7.719,1
-3.4619,1.1008,0.55298,1.7048,1
1.852,0.003003,2.031,-3.0121,1
4.0309,-3.9125,1.2279,-4.6435,1
6.2699,-5.5457,-4.2249,0.15822,1
-0.77392,0.00171,-2.5346,3.3602,1
-6.332,0.14266,-1.749,6.0987,1
-5.167,0.052141,-0.539,3.4399,1
0.89599,0.65472,1.5631,-1.9702,1
4.5565,-2.8987,2.3917,-4.9888,1
4.7738,-5.5909,0.89512,-4.8431,1
8.1819,-5.0323,-5.4808,0.27818,1
1.7713,-0.4638,-2.8833,0.68946,1
-2.2535,0.61981,-1.4174,1.518,1
-0.94981,0.3211,0.4283,-1.0731,1
2.2121,-0.11725,1.5904,-3.1183,1
3.6833,-1.7207,1.7425,-4.0129,1
3.2405,-2.7784,-0.23356,-3.0669,1
3.9958,-3.9047,-3.6227,-0.35845,1
7.9295,-3.2646,-6.1536,0.61663,1
2.6652,-0.7819,-3.9172,0.78886,1
-0.23798,0.05602,-2.2214,0.56008,1
0.89392,-0.56854,-0.49241,-1.6283,1
2.4066,-0.59958,0.26517,-2.8416,1
1.8189,-0.56725,-0.10234,-2.2169,1
1.0926,-0.59958,-1.6176,-0.35502,1
1.254,-1.0728,-1.8448,0.27218,1
-2.4087,0.47627,-1.2786,4.5735,1
-7.6563,-0.84268,-2.902,11.8318,1
-5.5167,-0.4082,-4.3773,10.939,1
3.8385,-1.2138,-2.0529,-0.79544,1
0.70148,0.0055892,0.18868,-0.51182,1
-6.841,0.68058,-1.7279,8.9494,1
-13.7731,-2.0323,-3.3793,17.9274,1
-7.1121,-0.083634,-3.1273,11.3897,1
-0.05588,1.353,-2.121,1.949,1
3.4329,-2.3789,-1.7697,-1.2144,1
0.13863,0.0081754,-0.0012852,-0.19651,1
-6.8121,1.3323,-1.682,7.1398,1
-12.1736,-0.61639,-3.4917,14.3689,1
-8.6289,0.97153,-3.1158,10.4403,1
-0.48422,1.7435,-2.0891,1.704,1
2.7852,-1.9276,-1.6936,-2.1835,1
3.2715,-3.2608,-1.2846,-1.7671,1
0.39315,-0.13794,-0.092194,-0.32846,1
-6.3879,0.79955,-1.0292,5.5255,1
-9.1069,-0.28406,-2.2083,8.9991,1
-6.3113,0.80472,-1.0744,5.355,1
-0.23591,0.76334,-0.51003,0.020273,1
3.0439,-2.7836,-0.36372,-3.4816,1
6.4479,-6.6176,-6.3979,1.0836,1
3.3129,-2.8974,-2.2501,-0.88369,1
-1.2519,0.77239,-1.1859,2.2635,1
-8.8131,-0.21682,-1.8076,8.7086,1
-12.9889,-2.7202,-3.3863,13.0545,1
-7.108,0.31335,-1.4106,5.6454,1
-0.68287,1.1965,-0.21394,0.096532,1
3.5674,-3.8116,0.48797,-4.3882,1
5.1401,-5.4306,-3.8167,-0.65063,1
0.20692,-0.3707,-1.9555,1.2473,1
-6.4479,-0.20777,-2.1786,6.0344,1
-9.9532,-1.8733,-2.3299,8.4756,1
-4.0061,0.91722,0.0031201,1.7956,1
1.0595,0.39998,1.3518,-2.3437,1
3.8923,-4.0069,1.2309,-4.8277,1
7.5032,-7.5034,-5.0301,-0.13396,1
0.60836,-0.23751,-3.0799,2.7039,1
-5.227,0.91722,-2.2987,5.63,1
-6.541,-0.033204,-1.239,4.8151,1
0.29176,0.83834,0.75896,-1.6506,1
4.2068,-2.3931,1.6799,-4.5398,1
5.2022,-6.1211,0.63655,-5.2159,1
9.2952,-6.3694,-6.0598,-0.43642,1
2.8763,-1.2086,-3.518,0.1548,1
-1.4092,0.36507,-2.0336,1.1582,1
-1.7672,-0.12372,-0.69745,-0.34474,1
1.9161,-0.20518,0.75108,-3.1098,1
3.4826,-1.3961,0.84546,-3.6307,1
3.2136,-2.7965,-0.55648,-3.3085,1
3.2239,-3.4004,-3.6817,-0.69347,1
8.8172,-3.725,-6.7526,-0.061983,1
3.4515,-0.94742,-4.577,0.66719,1
0.31245,0.068951,-2.9883,0.45041,1
0.14277,-0.48579,-1.4781,-1.1622,1
2.3383,-1.0431,-0.46651,-2.9812,1
1.6533,-0.78061,-0.8734,-2.1964,1
1.1815,-0.81165,-2.1234,-0.55552,1
2.0838,-1.6767,-2.3142,-0.46813,1
-0.98912,0.39481,-1.4233,2.3586,1
-6.6362,-0.89182,-3.0866,10.5405,1
-6.1789,-1.0741,-4.7331,11.388,1
3.8964,-1.1672,-2.8829,-0.1888,1
1.525,-0.76121,-0.036127,-1.4089,1
-4.778,0.3974,-1.7104,6.2109,1
-13.0551,-2.3052,-3.8203,16.9583,1
-8.5089,-0.95518,-3.7181,12.363,1
-0.60424,1.3776,-2.899,2.6045,1
2.7956,-1.5668,-0.98193,-1.2341,1
-1.1816,0.7336,-0.17296,1.3818,1
-8.6848,0.94049,-1.9409,9.155,1
-12.4922,-0.47027,-3.5713,14.8881,1
-6.6258,1.8198,-2.9915,8.6521,1
0.31038,1.4189,-1.8483,0.77344,1
3.2964,-2.4642,-2.2677,-2.2563,1
2.868,-2.2612,-0.50816,-1.8108,1
-1.0885,0.48791,0.14329,1.0039,1
-7.9026,0.34179,-0.90784,6.7807,1
-9.3676,-0.10303,-2.0042,9.3333,1
-5.1008,1.3866,-0.93587,4.5367,1
0.54214,0.6586,-0.40804,-0.52725,1
3.3812,-3.456,-0.8172,-3.6684,1
6.6755,-6.5775,-4.8392,-0.24278,1
2.1376,-1.3974,-1.2792,-0.47584,1
-3.226,1.1836,-0.66008,3.8058,1
-10.7665,-1.0043,-1.7713,10.2184,1
-12.2377,-2.1603,-3.0061,11.9552,1
-5.8395,0.68705,-1.1022,4.5641,1
0.39108,0.42843,0.11806,-0.98223,1
3.735,-4.3741,0.11686,-4.4379,1
3.9213,-3.6371,-2.7264,-0.49212,1
-1.6906,0.51636,-1.2369,2.518,1
-8.6475,-0.66682,-1.8439,7.6796,1
-9.6035,-0.97716,-1.8554,7.7764,1
-3.3584,1.3569,0.16358,1.3749,1
1.9596,-0.12243,1.5077,-3.0584,1
4.1199,-4.1414,0.67886,-4.569,1
5.8333,-4.9379,-3.9934,0.54723,1
-0.78427,0.76205,-2.3898,3.0141,1
-6.7686,0.89912,-1.7976,6.6753,1
-5.5602,0.903,-0.70867,4.0483,1
1.1029,0.59395,1.0194,-2.3,1
4.78,-3.2362,1.7875,-5.1362,1
4.8773,-5.8198,0.27331,-4.9194,1
8.0433,-4.4983,-5.1661,0.044265,1
1.6327,-0.091393,-2.7028,0.83598,1
-2.2183,0.89394,-1.4904,1.6054,1
-1.0243,0.64955,-0.014902,-0.94024,1
2.2638,-0.11855,0.88992,-3.1046,1
3.6957,-1.9379,1.0637,-4.1594,1
3.1329,-2.9388,-0.8471,-3.0112,1
4.0289,-3.8957,-3.9594,-0.35845,1
7.6584,-2.9155,-5.8818,0.5558,1
2.5162,-0.30993,-3.7747,0.83341,1
-0.24418,0.41809,-2.4198,0.70146,1
0.80494,-0.19225,-0.83535,-1.6411,1
2.6528,-0.65647,-0.30432,-2.7756,1
1.7237,-0.77027,-0.60254,-2.1501,1
1.1815,-0.82716,-2.1059,-0.53324,1
1.2271,-1.091,-2.0441,0.18564,1
-2.2121,0.27972,-1.5621,4.2591,1
-7.2135,-0.94613,-3.2305,11.6433,1
-4.9932,-0.53104,-4.8426,10.4052,1
3.6668,-1.2474,-2.3147,-0.6969,1
0.60422,-0.059065,-0.11716,-0.38587,1
-6.719,0.099985,-2.0066,9.0162,1
-13.6779,-2.6181,-3.6961,17.5795,1
-6.5389,-0.48967,-3.6012,10.5234,1
0.18002,0.97282,-2.6286,1.7956,1
2.9611,-1.4647,-0.82601,-1.2864,1
-0.99326,0.88619,0.31803,1.0947,1
-8.4385,0.96894,-1.4454,8.8483,1
-13.0365,-0.66165,-3.1423,15.6773,1
-6.959,1.5289,-2.5373,8.8054,1
0.18416,1.5806,-1.366,0.90539,1
3.3088,-2.1978,-1.7064,-2.2829,1
2.9094,-2.2069,-0.41965,-1.7859,1
-0.82358,0.74524,0.37637,0.78543,1
-7.9233,0.74394,-0.55355,6.7156,1
-9.5828,0.081882,-1.6001,9.4044,1
-5.554,1.547,-0.37013,4.7749,1
0.22347,0.97024,0.12126,-0.47327,1
3.2674,-3.0888,-0.27068,-3.5562,1
6.6486,-6.5206,-5.119,-0.049987,1
2.3134,-1.4905,-1.3946,-0.44499,1
-3.3771,1.5043,-0.69879,4.1211,1
-10.5244,-0.5026,-1.48,9.9176,1
-12.813,-1.9082,-2.6649,12.6689,1
-6.301,1.106,-0.62684,4.7843,1
0.25865,0.96118,0.518,-0.84085,1
3.764,-4.0483,0.64376,-4.4738,1
4.1986,-3.9642,-2.9821,-0.5898,1
-1.5706,0.49826,-1.4628,2.4357,1
-8.7903,-0.45475,-1.7101,7.9735,1
-9.8808,-1.0806,-1.5572,8.1088,1
-3.7723,1.5754,0.74428,1.6131,1
1.7982,0.2099,2.0177,-2.9581,1
3.913,-3.8672,1.164,-4.5544,1
6.0692,-5.4668,-4.3667,0.57208,1
-1.0553,0.77757,-2.5919,3.8949,1
-6.8141,1.1681,-1.8046,6.7019,1
-5.7154,1.0233,-0.71868,3.8298,1
0.66837,1.0271,1.4378,-2.0267,1
4.5503,-2.7254,2.1943,-4.976,1
4.8525,-5.6659,0.7376,-4.7986,1
8.1261,-5.0142,-5.637,0.13081,1
1.7775,-0.45346,-3.0193,0.73745,1
-2.09,0.71162,-1.6706,1.584,1
-1.1505,0.57843,-0.1269,-0.95138,1
2.0982,0.12843,1.2198,-3.1954,1
3.6067,-1.5966,1.4501,-4.0557,1
3.0977,-2.6892,-0.40857,-2.9607,1
3.8157,-3.8194,-3.8952,-0.31304,1
8.0102,-3.2207,-6.3679,0.4247,1
2.7749,-0.71984,-4.1429,0.68261,1
-0.097265,0.061192,-2.6864,0.61663,1
0.79459,-0.46768,-1.0555,-1.6968,1
2.4769,-0.66165,-0.29858,-2.9512,1
1.7734,-0.68104,-0.49948,-2.2469,1
0.99945,-0.70044,-1.9881,-0.28562,1
1.5706,-1.122,-1.9389,0.045979,1
-1.8624,0.55127,-1.4375,4.026,1
-7.5756,-0.57889,-3.1875,11.8678,1
-5.6636,-0.33449,-4.6765,10.969,1
3.8468,-1.175,-2.0285,-0.63435,1
0.73252,0.03533,0.26637,-0.67891,1
-6.4624,0.31981,-1.7589,8.4773,1
-13.6593,-2.4927,-3.5985,17.6052,1
-7.2404,-0.57113,-3.3582,11.4419,1
-0.10554,1.1358,-2.3629,1.9336,1
3.3791,-2.6621,-2.1802,-1.2256,1
-0.15521,-0.088807,-0.40951,0.060545,1
-7.257,0.9211,-2.2918,7.9597,1
-12.8006,-0.95647,-4.0214,15.6199,1
-8.215,0.98187,-3.3884,10.3315,1
-0.49457,1.6543,-2.0046,1.333,1
2.7956,-2.3491,-1.7063,-2.378,1
3.3584,-3.5646,-1.6386,-1.7302,1
0.32487,-0.36036,-0.41645,-0.33617,1
-6.6072,0.31593,-1.5877,5.8022,1
-9.349,-0.28018,-2.5961,9.7942,1
-6.4789,0.87325,-1.5228,5.7568,1
-0.097265,1.0426,-0.53072,-0.21793,1
2.8452,-3.1004,-0.49081,-3.6436,1
6.8017,-7.5344,-6.5773,0.85483,1
2.7645,-2.8573,-2.4621,-0.62578,1
-1.9162,0.59912,-1.3995,2.5154,1
-9.3304,-0.79871,-2.3221,9.233,1
-12.9723,-2.684,-3.73,12.9817,1
-7.1163,0.16723,-1.6988,5.7902,1
-0.64562,0.89136,-0.26654,-0.42014,1
3.3108,-4.012,0.33325,-4.5081,1
4.7283,-5.2159,-4.2091,-0.49126,1
-0.68494,-0.44829,-2.3142,1.9833,1
-7.4494,-0.64484,-2.4835,6.8964,1
-10.5099,-1.9547,-2.7611,9.0239,1
-4.449,0.94308,-0.36025,2.1067,1
0.9022,0.42714,1.0117,-2.3506,1
3.8426,-4.1323,0.96708,-4.9314,1
7.259,-7.3004,-5.2049,0.070827,1
-0.02691,-0.44958,-3.3203,2.9618,1
-5.7899,0.046968,-2.565,6.0122,1
-6.572,-0.94354,-1.5951,4.7689,1
0.17174,0.36119,0.7049,-1.7859,1
3.9544,-2.5017,1.7331,-4.7412,1
4.8504,-6.1043,0.6818,-5.2133,1
9.2848,-6.7844,-6.3364,0.014275,1
2.4273,-1.0871,-3.8053,0.6809,1
-2.1252,0.45171,-2.1979,1.7151,1
-2.2121,0.099985,-0.87874,-0.051701,1
1.7299,-0.1457,0.74067,-3.1963,1
3.4226,-1.7116,0.98296,-3.9692,1
3.1929,-3.1832,-0.3489,-3.4054,1
3.5219,-3.8608,-3.8552,-0.38415,1
8.9931,-4.572,-6.9599,0.2182,1
3.1205,-1.2966,-4.7462,1.075,1
-0.14279,0.045675,-3.2051,0.97565,1
-0.080711,-0.3707,-1.7549,-0.75774,1
2.4811,-0.89828,-0.59587,-2.8673,1
2.0279,-1.2746,-0.89542,-2.3652,1
1.2767,-1.2642,-2.0754,-0.64206,1
1.8023,-2.3931,-3.2778,0.1805,1
-1.254,0.36378,-2.2183,2.9986,1
-6.572,-0.16381,-3.5895,10.5251,1
-5.8023,-0.3901,-5.0477,11.244,1
3.944,-2.1203,-3.5741,-0.07912,1
1.7361,-1.1582,-0.7351,-1.4938,1
-4.7428,0.11162,-2.2617,6.3489,1
-13.0634,-2.8017,-4.244,17.1116,1
-8.304,-1.5099,-4.0218,12.555,1
-0.67253,0.85774,-3.0201,2.7056,1
3.5447,-2.8483,-2.4941,-1.3721,1
0.039307,-0.23105,-0.83121,0.05369,1
-6.8824,0.70774,-2.5665,7.5416,1
-12.9371,-1.6806,-4.4018,15.6559,1
-8.2916,0.38059,-3.7573,10.3032,1
-0.40145,1.1189,-2.4725,1.4855,1
2.8825,-2.3724,-1.9725,-2.3086,1
3.6874,-3.8918,-2.0149,-1.9385,1
0.65181,-0.52716,-0.82053,-0.48869,1
-6.3486,0.42584,-1.7886,5.6154,1
-9.4711,-0.60216,-2.9138,9.7668,1
-6.5907,0.54998,-1.8343,5.6429,1
-0.033118,0.55774,-0.8734,-0.20165,1
2.957,-3.1457,-0.70346,-3.5947,1
6.9879,-7.5887,-6.7387,0.67833,1
3.2777,-3.1457,-2.7723,-0.9351,1
-1.3678,0.52283,-1.6641,1.997,1
-9.2497,-0.50001,-2.4349,8.9922,1
-12.7095,-2.825,-3.793,12.7957,1
-6.9756,-0.12889,-1.9551,5.5383,1
-0.50077,0.47498,-0.69078,-0.35417,1
3.3998,-4.2655,0.025013,-4.4327,1
4.9601,-5.4719,-4.3967,-0.64892,1
-0.24418,-0.45863,-2.456,1.4041,1
-6.8555,-0.62285,-2.62,6.2169,1
-10.3257,-2.1138,-2.9662,8.784,1
-4.4448,0.49826,-0.71494,2.2241,1
0.99945,0.097399,0.6005,-2.2126,1
3.8944,-4.3948,0.61652,-4.7275,1
7.2363,-7.5642,-5.4414,0.10938,1
0.45937,-0.45734,-3.5798,2.3457,1
-5.6967,0.37671,-2.7769,5.9179,1
-6.7562,-0.55044,-1.8356,5.0585,1
0.17381,0.48921,0.30081,-1.7542,1
4.1323,-2.5987,1.3403,-4.7018,1
4.987,-6.3913,0.26877,-5.1508,1
9.6014,-6.9642,-6.5235,-0.25392,1
2.4955,-1.1039,-4.0679,0.79571,1
-1.7051,0.32757,-2.564,1.5026,1
-1.9162,-0.11984,-1.3414,-0.15538,1
2.0879,-0.66553,0.23874,-3.3522,1
3.6771,-2.0711,0.6212,-4.0771,1
3.4019,-3.5569,-0.77848,-3.4859,1
3.7909,-4.1802,-4.1244,-0.6532,1
9.2,-4.6832,-7.0421,0.25933,1
3.5716,-1.4957,-4.9462,0.82742,1
0.30417,-0.2957,-3.5359,0.6569,1
0.16967,-0.82975,-2.0662,-1.0054,1
2.808,-1.2035,-0.88728,-3.1432,1
2.3072,-1.4453,-1.0941,-2.5237,1
1.6285,-1.4802,-2.4458,-0.88541,1
1.8955,-2.4409,-3.551,0.1865,1
-0.85669,0.044382,-2.2811,2.7185,1
-5.974,-0.82846,-3.6053,10.0916,1
-5.1877,-0.86725,-5.0676,10.4266,1
4.0723,-2.1151,-3.9204,-0.23678,1
1.8458,-1.3806,-1.1306,-1.3575,1
-4.5566,-0.056479,-2.4561,6.4534,1
-13.0303,-3.0345,-4.4775,17.0834,1
-8.1819,-1.6017,-4.1958,12.1291,1
-0.7077,0.71808,-3.38,2.5325,1
3.6026,-2.8948,-2.4365,-1.4166,1
0.13036,-0.35389,-0.77688,-0.031137,1
-6.8266,0.59007,-2.7083,7.5339,1
-12.5854,-1.4983,-4.5531,15.4417,1
-7.8322,0.47498,-3.8894,9.8208,1
-0.22763,1.2069,-2.5084,1.488,1
3.0211,-2.4241,-2.1652,-2.4132,1
3.5074,-3.8491,-1.8974,-1.7842,1
0.5587,-0.66423,-0.62043,-0.38587,1
-6.301,0.19567,-1.8387,5.6506,1
-9.1566,-0.73018,-3,9.5766,1
-6.1603,0.48533,-1.9116,5.606,1
0.084831,0.45688,-1.005,-0.2462,1
3.257,-3.2944,-0.87834,-3.6778,1
6.7934,-7.5887,-6.651,0.68604,1
3.1101,-3.0358,-2.5463,-0.83228,1
-1.432,0.42067,-1.4377,2.1144,1
-9.0407,-0.86983,-2.4554,8.862,1
-12.8792,-3.3125,-3.9411,13.0597,1
-6.8969,-0.47156,-2.1241,5.5992,1
-0.32902,0.23317,-0.74324,-0.42785,1
3.7412,-4.2526,-0.071503,-4.5415,1
4.9166,-5.3207,-4.2333,-0.49212,1
-0.43663,-0.43018,-2.3675,1.692,1
-7.3625,-0.66811,-2.5526,6.9255,1
-10.4602,-2.3427,-3.0986,8.9717,1
-4.4862,0.50731,-0.89809,2.2009,1
1.0015,-0.0060486,0.56232,-2.2726,1
3.8944,-4.3418,0.53936,-4.8166,1
7.3915,-7.3987,-5.3012,0.029699,1
0.35591,-0.37846,-3.3553,2.6473,1
-5.7133,0.45946,-2.7908,5.953,1
-6.6072,-0.41984,-1.9983,4.8254,1
0.11794,0.59524,0.15423,-1.6823,1
4.0744,-2.6129,1.208,-4.7635,1
4.8856,-6.2323,0.2952,-5.149,1
9.5311,-6.8517,-6.4247,0.022844,1
2.6218,-1.1595,-3.9933,0.62863,1
-1.6058,0.16464,-2.659,1.3647,1
-2.1252,-0.19225,-1.4094,-0.10397,1
1.9741,-0.65259,0.11032,-3.3668,1
3.644,-1.9909,0.52374,-4.0746,1
3.4598,-3.4276,-0.76794,-3.4405,1
3.6812,-4.0133,-3.9698,-0.60008,1
9.2931,-4.5396,-7.0364,0.16594,1
3.3005,-1.444,-4.9447,1.063,1
0.22968,-0.3332,-3.5933,0.7126,1
0.12415,-0.86208,-2.1674,-1.0465,1
2.6963,-1.3121,-0.9607,-3.1226,1
2.1996,-1.2759,-1.0802,-2.5862,1
1.4381,-1.2862,-2.3277,-0.82114,1
1.9037,-2.5095,-3.7244,-0.035421,1
-0.95602,-0.16639,-2.5724,2.7073,1
-6.0816,-1.0147,-3.9297,10.0958,1
-5.1463,-1.1181,-5.2943,10.3332,1
4.0392,-2.1836,-3.8953,-0.3019,1
1.7485,-1.4181,-1.2244,-1.4801,1
-4.4159,-0.13924,-2.6406,5.983,1
-12.7509,-3.2168,-4.6338,16.7166,1
-7.8633,-1.8978,-4.2887,11.8387,1
-0.50491,0.53705,-3.3458,2.6328,1
3.3357,-1.9573,-1.1188,-1.3455,1
-0.3104,0.44653,0.55939,0.18307,1
-7.3191,1.2289,-1.5078,7.8981,1
-12.5667,-0.75216,-3.506,15.1606,1
-8.273,1.1629,-2.9498,10.2646,1
-0.38903,1.9103,-1.6029,1.62,1
2.8183,-1.8862,-1.2667,-2.426,1
3.0605,-2.834,-0.49281,-1.8356,1
-0.045533,0.23447,0.66365,-0.18794,1
-6.7583,0.62369,-0.72068,5.8408,1
-9.5001,-0.12889,-1.9966,9.682,1
-6.4168,1.0323,-0.97325,5.6026,1
-0.17383,1.2198,-0.025314,-0.11339,1
2.9301,-2.6737,0.062525,-3.5467,1
6.3258,-6.6241,-5.525,0.89768,1
2.6735,-2.0323,-1.2943,-0.84085,1
-1.7837,1.2418,-0.24037,2.135,1
-9.6698,-0.34872,-1.3968,9.4652,1
-13.2869,-2.6271,-2.9672,13.4727,1
-7.2508,0.36895,-1.1005,6.0139,1
-0.52147,1.2017,0.22432,-0.40386,1
3.3708,-3.6965,0.90407,-4.4987,1
4.5193,-4.2629,-2.8619,-0.58123,1
-0.31247,0.41291,-1.0833,1.2815,1
-7.2446,-0.1276,-1.5681,6.5537,1
-10.8679,-1.4116,-2.0545,9.4926,1
-4.5152,1.4448,0.2346,2.1195,1
0.86909,0.82412,1.581,-2.3138,1
3.8013,-3.7483,1.5514,-4.9143,1
7.1225,-6.4172,-4.1479,-0.083404,1
-0.099335,0.48662,-2.2625,2.8127,1
-5.823,1.212,-1.7479,5.8699,1
-6.7128,0.32886,-0.95923,4.9857,1
0.23589,1.3258,1.3451,-1.8785,1
4.0951,-2.1112,2.2279,-4.8037,1
4.8731,-5.8741,1.2572,-5.2861,1
9.1214,-5.9181,-5.3857,-0.41929,1
2.3445,-0.40173,-2.9786,0.52667,1
-2.1562,0.9017,-1.5851,1.7082,1
-2.2038,0.56421,-0.21888,-0.0954,1
1.9017,0.065071,1.3183,-3.3111,1
3.4288,-1.4259,1.4896,-4.0309,1
3.2219,-2.8457,0.11592,-3.4302,1
3.3564,-3.5233,-3.3924,-0.72004,1
8.7096,-3.6345,-6.1632,-0.21621,1
2.9239,-0.65389,-4.0786,0.87026,1
-0.3911,0.42972,-2.5899,0.93452,1
-0.19038,0.003003,-1.0116,-0.90597,1
2.4914,-0.62156,0.066129,-2.9401,1
1.9368,-0.80518,-0.24745,-2.4697,1
1.0636,-0.8388,-1.5732,-0.71232,1
1.5933,-1.678,-2.1668,0.045122,1
-1.4237,0.66119,-1.1667,2.9241,1
-6.63,-0.42113,-2.8391,10.4849,1
-5.8126,-0.52846,-4.5046,10.8867,1
3.7433,-1.2953,-2.41,-0.40215,1
1.3492,-0.55949,0.40614,-1.4501,1
-4.8773,0.34179,-1.3887,6.4774,1
-13.4586,-2.7771,-3.7503,17.5932,1
-8.3827,-1.2823,-3.5637,12.393,1
-0.65804,1.1952,-2.5419,2.6842,1
